Scenario,Detector,Window,Seed,total_timesteps,attack_timesteps,clean_timesteps,total_alarms,TP,FN,FP,TN,precision,recall,f1,fpr,accuracy
random,isolation_forest,10,0,10000,3090,6910,3664,2703,387,961,5949,0.7377183406113537,0.874757281553398,0.8004145691442108,0.13907380607814762,0.8652
random,isolation_forest,10,1,10000,3619,6381,4564,3289,330,1275,5106,0.7206397896581945,0.9088145896656535,0.8038616644262495,0.1998119417019276,0.8395
random,isolation_forest,10,2,10000,3509,6491,4566,3208,301,1358,5133,0.7025843188786685,0.914220575662582,0.7945510835913312,0.2092127561238638,0.8341
random,isolation_forest,10,3,10000,3340,6660,4738,3122,218,1616,5044,0.6589278176445758,0.9347305389221557,0.7729636048526863,0.24264264264264265,0.8166
random,isolation_forest,15,0,10000,3090,6910,4485,2726,364,1759,5151,0.6078037904124861,0.8822006472491909,0.7197359735973597,0.25455861070911723,0.7877
random,isolation_forest,15,1,10000,3619,6381,5281,3282,337,1999,4382,0.6214732058322288,0.9068803536888643,0.7375280898876405,0.31327378153894375,0.7664
random,isolation_forest,15,2,10000,3509,6491,5248,3177,332,2071,4420,0.6053734756097561,0.9053861499002565,0.7255909558067831,0.31905715606224,0.7597
random,isolation_forest,15,3,10000,3340,6660,5461,3131,209,2330,4330,0.5733382164438747,0.9374251497005988,0.7115100556754914,0.34984984984984985,0.7461
random,isolation_forest,20,0,10000,3090,6910,5047,2700,390,2347,4563,0.5349712700614226,0.8737864077669902,0.663635246405309,0.33965267727930537,0.7263
random,isolation_forest,20,1,10000,3619,6381,5562,3197,422,2365,4016,0.5747932398417835,0.8833932025421387,0.6964382964818646,0.37063156245102646,0.7213
random,isolation_forest,20,2,10000,3509,6491,5720,3126,383,2594,3897,0.5465034965034965,0.8908520946138501,0.6774298407194712,0.3996302572793098,0.7023
random,isolation_forest,20,3,10000,3340,6660,6023,3119,221,2904,3756,0.5178482483812054,0.9338323353293413,0.6662394531667201,0.436036036036036,0.6875
random,isolation_forest,25,0,10000,3090,6910,5484,2690,400,2794,4116,0.49051787016776077,0.8705501618122977,0.6274784231397248,0.40434153400868306,0.6806
random,isolation_forest,25,1,10000,3619,6381,6079,3204,415,2875,3506,0.527060371771673,0.8853274385189279,0.6607547948030522,0.45055633913179755,0.671
random,isolation_forest,25,2,10000,3509,6491,6556,3244,265,3312,3179,0.49481391092129345,0.9244799088059276,0.6446100347739692,0.5102449545524572,0.6423
random,isolation_forest,25,3,10000,3340,6660,6487,3134,206,3353,3307,0.48312008632649917,0.9383233532934132,0.637834537498728,0.5034534534534535,0.6441
random,isolation_forest,5,0,10000,3090,6910,3098,2680,410,418,6492,0.8650742414460942,0.8673139158576052,0.8661926308985133,0.06049204052098408,0.9172
random,isolation_forest,5,1,10000,3619,6381,3731,3240,379,491,5890,0.8683998927901367,0.8952749378281293,0.8816326530612244,0.07694718696129134,0.913
random,isolation_forest,5,2,10000,3509,6491,3448,3026,483,422,6069,0.8776102088167054,0.8623539469934455,0.8699151933304585,0.0650130950546911,0.9095
random,isolation_forest,5,3,10000,3340,6660,3871,3112,228,759,5901,0.8039266339447171,0.9317365269461078,0.8631257800582444,0.11396396396396397,0.9013
random,lof,10,0,10000,3090,6910,4083,2855,235,1228,5682,0.6992407543472936,0.9239482200647249,0.7960407082113481,0.1777134587554269,0.8537
random,lof,10,1,10000,3619,6381,4803,3394,225,1409,4972,0.7066416822819072,0.937828129317491,0.8059843267632392,0.2208117849866792,0.8366
random,lof,10,2,10000,3509,6491,4954,3341,168,1613,4878,0.6744045215987081,0.9521231119977202,0.7895545314900154,0.24849792019719613,0.8219
random,lof,10,3,10000,3340,6660,4861,3176,164,1685,4975,0.6533635054515532,0.9508982035928144,0.774539690281673,0.253003003003003,0.8151
random,lof,15,0,10000,3090,6910,5114,2903,187,2211,4699,0.567657411028549,0.9394822006472492,0.7077035592393954,0.3199710564399421,0.7602
random,lof,15,1,10000,3619,6381,5209,3304,315,1905,4476,0.6342868112881551,0.9129593810444874,0.7485274127775259,0.29854254818993886,0.778
random,lof,15,2,10000,3509,6491,5464,3292,217,2172,4319,0.6024890190336749,0.9381590196637218,0.7337568260336563,0.3346171622246187,0.7611
random,lof,15,3,10000,3340,6660,5796,3200,140,2596,4064,0.5521048999309869,0.9580838323353293,0.7005253940455342,0.3897897897897898,0.7264
random,lof,20,0,10000,3090,6910,5404,2873,217,2531,4379,0.5316432272390822,0.9297734627831715,0.6764775135389687,0.3662807525325615,0.7252
random,lof,20,1,10000,3619,6381,6160,3411,208,2749,3632,0.5537337662337662,0.9425255595468361,0.6976173432866346,0.43081021783419526,0.7043
random,lof,20,2,10000,3509,6491,6209,3330,179,2879,3612,0.5363182477049444,0.9489883157594756,0.6853261988063387,0.44353720536126945,0.6942
random,lof,20,3,10000,3340,6660,6323,3223,117,3100,3560,0.5097263956982445,0.9649700598802395,0.6670806167856773,0.46546546546546547,0.6783
random,lof,25,0,10000,3090,6910,5897,2884,206,3013,3897,0.4890622350347634,0.9333333333333333,0.6418159563814398,0.43603473227206946,0.6781
random,lof,25,1,10000,3619,6381,6637,3417,202,3220,3161,0.5148410426397468,0.9441834760983697,0.6663416536661466,0.5046230998276132,0.6578
random,lof,25,2,10000,3509,6491,6677,3328,181,3349,3142,0.49842743747191853,0.9484183528070675,0.6534459061456902,0.5159451548297643,0.647
random,lof,25,3,10000,3340,6660,6901,3248,92,3653,3007,0.47065642660483986,0.9724550898203593,0.6343130553656869,0.5484984984984985,0.6255
random,lof,5,0,10000,3090,6910,3213,2747,343,466,6444,0.8549642079053844,0.8889967637540453,0.8716484213866412,0.06743849493487698,0.9191
random,lof,5,1,10000,3619,6381,3723,3251,368,472,5909,0.8732205210851464,0.8983144515059409,0.8855897575592483,0.07396959724181162,0.916
random,lof,5,2,10000,3509,6491,3757,3196,313,561,5930,0.8506787330316742,0.9108007979481334,0.8797137352050646,0.08642736096133108,0.9126
random,lof,5,3,10000,3340,6660,4058,3160,180,898,5762,0.7787087235091178,0.9461077844311377,0.8542849418761828,0.13483483483483483,0.8922
random,ocsvm,10,0,10000,3090,6910,4153,2867,223,1286,5624,0.6903443294004334,0.927831715210356,0.7916609139859174,0.1861070911722142,0.8491
random,ocsvm,10,1,10000,3619,6381,4810,3405,214,1405,4976,0.7079002079002079,0.9408676429953026,0.8079250207616563,0.22018492399310452,0.8381
random,ocsvm,10,2,10000,3509,6491,4876,3342,167,1534,4957,0.6853978671041837,0.9524080934739242,0.7971377459749552,0.2363272223078108,0.8299
random,ocsvm,10,3,10000,3340,6660,4943,3187,153,1756,4904,0.6447501517297188,0.954191616766467,0.7695279488108174,0.26366366366366367,0.8091
random,ocsvm,15,0,10000,3090,6910,5132,2899,191,2233,4677,0.5648869836321122,0.9381877022653722,0.7051812211140842,0.3231548480463097,0.7576
random,ocsvm,15,1,10000,3619,6381,5173,3279,340,1894,4487,0.633868161608351,0.9060513954130975,0.7459053685168334,0.2968186804576085,0.7766
random,ocsvm,15,2,10000,3509,6491,5397,3283,226,2114,4377,0.6083009079118028,0.9355941863778854,0.7372557826184595,0.32568171314127253,0.766
random,ocsvm,15,3,10000,3340,6660,5773,3198,142,2575,4085,0.5539580807205958,0.9574850299401197,0.701854493580599,0.3866366366366366,0.7283
random,ocsvm,20,0,10000,3090,6910,5493,2881,209,2612,4298,0.524485709084289,0.9323624595469255,0.671327041826867,0.3780028943560058,0.7179
random,ocsvm,20,1,10000,3619,6381,5986,3365,254,2621,3760,0.562145005011694,0.9298148659850788,0.7006767308693389,0.4107506660398057,0.7125
random,ocsvm,20,2,10000,3509,6491,6158,3323,186,2835,3656,0.5396232543033452,0.9469934454260474,0.6874935347056998,0.4367585888152827,0.6979
random,ocsvm,20,3,10000,3340,6660,6296,3214,126,3082,3578,0.5104828462515884,0.9622754491017964,0.6670817766708178,0.46276276276276274,0.6792
random,ocsvm,25,0,10000,3090,6910,5932,2898,192,3034,3876,0.4885367498314228,0.9378640776699029,0.642429616493017,0.4390738060781476,0.6774
random,ocsvm,25,1,10000,3619,6381,6547,3409,210,3138,3243,0.5206965022147548,0.941972920696325,0.6706669289789493,0.4917724494593324,0.6652
random,ocsvm,25,2,10000,3509,6491,6768,3355,154,3413,3078,0.49571513002364065,0.9561128526645768,0.6529142745937531,0.525804960714836,0.6433
random,ocsvm,25,3,10000,3340,6660,7073,3265,75,3808,2852,0.4616145906970168,0.9775449101796407,0.62710073946029,0.5717717717717717,0.6117
random,ocsvm,5,0,10000,3090,6910,3147,2711,379,436,6474,0.861455354305688,0.8773462783171521,0.8693282026615361,0.06309696092619392,0.9185
random,ocsvm,5,1,10000,3619,6381,3874,3307,312,567,5814,0.8536396489416623,0.9137883393202542,0.8826905111437341,0.08885754583921016,0.9121
random,ocsvm,5,2,10000,3509,6491,3776,3191,318,585,5906,0.8450741525423728,0.9093758905671131,0.8760466712422785,0.09012478816823294,0.9097
random,ocsvm,5,3,10000,3340,6660,3995,3139,201,856,5804,0.7857321652065081,0.9398203592814371,0.8558963871847308,0.12852852852852853,0.8943
standard,isolation_forest,10,0,10000,3090,6910,4123,2928,162,1195,5715,0.710162503031773,0.9475728155339805,0.811867461527797,0.17293777134587554,0.8643
standard,isolation_forest,10,1,10000,3619,6381,4971,3498,121,1473,4908,0.7036813518406759,0.9665653495440729,0.8144353899883586,0.230841560883874,0.8406
standard,isolation_forest,10,2,10000,3509,6491,4944,3394,115,1550,4941,0.6864886731391586,0.9672271302365346,0.803028510587957,0.23879217377907871,0.8335
standard,isolation_forest,10,3,10000,3340,6660,4992,3256,84,1736,4924,0.6522435897435898,0.9748502994011976,0.7815650504080652,0.2606606606606607,0.818
standard,isolation_forest,15,0,10000,3090,6910,4967,2943,147,2024,4886,0.5925105697604187,0.9524271844660194,0.7305448678168052,0.29290882778581767,0.7829
standard,isolation_forest,15,1,10000,3619,6381,5721,3491,128,2230,4151,0.6102080055934277,0.9646311135672838,0.7475374732334047,0.3494750039178812,0.7642
standard,isolation_forest,15,2,10000,3509,6491,5647,3369,140,2278,4213,0.5965999645829644,0.9601025933314334,0.7359108781127129,0.3509474657217686,0.7582
standard,isolation_forest,15,3,10000,3340,6660,5728,3263,77,2465,4195,0.5696578212290503,0.9769461077844311,0.719673577415086,0.37012012012012013,0.7458
standard,isolation_forest,20,0,10000,3090,6910,5508,2935,155,2573,4337,0.5328612926652142,0.9498381877022654,0.6827169109095138,0.3723589001447178,0.7272
standard,isolation_forest,20,1,10000,3619,6381,6090,3446,173,2644,3737,0.5658456486042693,0.952196739430782,0.7098568338654857,0.4143551167528601,0.7183
standard,isolation_forest,20,2,10000,3509,6491,6144,3343,166,2801,3690,0.5441080729166666,0.9526930749501282,0.6926344141717601,0.4315205669388384,0.7033
standard,isolation_forest,20,3,10000,3340,6660,6254,3251,89,3003,3657,0.5198273105212664,0.9733532934131737,0.6777152386908486,0.4509009009009009,0.6908
standard,isolation_forest,25,0,10000,3090,6910,5970,2919,171,3051,3859,0.48894472361809044,0.9446601941747573,0.6443708609271522,0.441534008683068,0.6778
standard,isolation_forest,25,1,10000,3619,6381,6617,3466,153,3151,3230,0.5238023273386732,0.9577231279358939,0.6772176631496678,0.4938097476884501,0.6696
standard,isolation_forest,25,2,10000,3509,6491,6877,3407,102,3470,3021,0.495419514323106,0.9709318894271872,0.6560754862314654,0.5345863503312278,0.6428
standard,isolation_forest,25,3,10000,3340,6660,6709,3264,76,3445,3215,0.48651065732598003,0.9772455089820359,0.6496168773012241,0.5172672672672672,0.6479
standard,isolation_forest,5,0,10000,3090,6910,3546,2978,112,568,6342,0.8398195149464185,0.9637540453074434,0.8975286317058468,0.08219971056439943,0.932
standard,isolation_forest,5,1,10000,3619,6381,4181,3516,103,665,5716,0.8409471418320976,0.9715390991986737,0.9015384615384616,0.10421564018178969,0.9232
standard,isolation_forest,5,2,10000,3509,6491,3989,3394,115,595,5896,0.8508398094760592,0.9672271302365346,0.9053080821552414,0.09166538283777538,0.929
standard,isolation_forest,5,3,10000,3340,6660,4161,3290,50,871,5789,0.7906753184330689,0.9850299401197605,0.8772163711505132,0.1307807807807808,0.9079
standard,lof,10,0,10000,3090,6910,4558,3090,0,1468,5442,0.677928916191312,1.0,0.8080543933054394,0.21244573082489146,0.8532
standard,lof,10,1,10000,3619,6381,5242,3619,0,1623,4758,0.6903853491033957,1.0,0.8168378286875071,0.2543488481429243,0.8377
standard,lof,10,2,10000,3509,6491,5311,3509,0,1802,4689,0.6607041988326116,1.0,0.7956916099773242,0.2776151594515483,0.8198
standard,lof,10,3,10000,3340,6660,5177,3340,0,1837,4823,0.6451612903225806,1.0,0.7843137254901961,0.2758258258258258,0.8163
standard,lof,15,0,10000,3090,6910,5477,3090,0,2387,4523,0.5641774694175644,1.0,0.7213727092331038,0.3454413892908828,0.7613
standard,lof,15,1,10000,3619,6381,5801,3619,0,2182,4199,0.6238579555249095,1.0,0.7683651804670913,0.34195267199498514,0.7818
standard,lof,15,2,10000,3509,6491,5909,3509,0,2400,4091,0.5938399052293112,1.0,0.7451688256530049,0.36974272069018643,0.76
standard,lof,15,3,10000,3340,6660,6039,3340,0,2699,3961,0.5530717006126842,1.0,0.7122294487685253,0.40525525525525524,0.7301
standard,lof,20,0,10000,3090,6910,5837,3090,0,2747,4163,0.529381531608703,1.0,0.6922818416041222,0.3975397973950796,0.7253
standard,lof,20,1,10000,3619,6381,6571,3619,0,2952,3429,0.5507533099984782,1.0,0.7103042198233562,0.46262341325811,0.7048
standard,lof,20,2,10000,3509,6491,6574,3509,0,3065,3426,0.5337693945847277,1.0,0.6960230090250917,0.4721922662147589,0.6935
standard,lof,20,3,10000,3340,6660,6538,3340,0,3198,3462,0.5108595900887122,1.0,0.6762502530876696,0.48018018018018016,0.6802
standard,lof,25,0,10000,3090,6910,6333,3090,0,3243,3667,0.48792041686404547,1.0,0.655842088506845,0.46931982633863967,0.6757
standard,lof,25,1,10000,3619,6381,7030,3619,0,3411,2970,0.5147937411095306,1.0,0.6796882336369612,0.5345557122708039,0.6589
standard,lof,25,2,10000,3509,6491,7043,3509,0,3534,2957,0.4982251881300582,1.0,0.665087187263078,0.5444461562162994,0.6466
standard,lof,25,3,10000,3340,6660,7073,3340,0,3733,2927,0.47221829492436024,1.0,0.6415058100451358,0.5605105105105105,0.6267
standard,lof,5,0,10000,3090,6910,3759,3090,0,669,6241,0.8220271348762969,1.0,0.9023215067893123,0.09681620839363242,0.9331
standard,lof,5,1,10000,3619,6381,4321,3619,0,702,5679,0.8375376070354085,1.0,0.9115869017632242,0.11001410437235543,0.9298
standard,lof,5,2,10000,3509,6491,4282,3509,0,773,5718,0.8194768799626343,1.0,0.9007829546913105,0.11908796795563087,0.9227
standard,lof,5,3,10000,3340,6660,4359,3340,0,1019,5641,0.7662307868777243,1.0,0.867645148720613,0.153003003003003,0.8981
standard,ocsvm,10,0,10000,3090,6910,4609,3090,0,1519,5391,0.6704274246040356,1.0,0.8027016495648785,0.21982633863965267,0.8481
standard,ocsvm,10,1,10000,3619,6381,5241,3619,0,1622,4759,0.6905170768937225,1.0,0.8169300225733634,0.25419213289453063,0.8378
standard,ocsvm,10,2,10000,3509,6491,5263,3509,0,1754,4737,0.666730001900057,1.0,0.8000455996352029,0.2702203050377446,0.8246
standard,ocsvm,10,3,10000,3340,6660,5248,3340,0,1908,4752,0.6364329268292683,1.0,0.7778295295761528,0.2864864864864865,0.8092
standard,ocsvm,15,0,10000,3090,6910,5498,3090,0,2408,4502,0.5620225536558748,1.0,0.7196087564042851,0.3484804630969609,0.7592
standard,ocsvm,15,1,10000,3619,6381,5804,3619,0,2185,4196,0.6235354927636113,1.0,0.7681205560861721,0.34242281774016614,0.7815
standard,ocsvm,15,2,10000,3509,6491,5869,3509,0,2360,4131,0.5978872039529732,1.0,0.7483471955640861,0.3635803420120166,0.764
standard,ocsvm,15,3,10000,3340,6660,6031,3340,0,2691,3969,0.5538053390814127,1.0,0.7128374773236581,0.40405405405405403,0.7309
standard,ocsvm,20,0,10000,3090,6910,5919,3090,0,2829,4081,0.5220476431829701,1.0,0.6859806859806861,0.4094066570188133,0.7171
standard,ocsvm,20,1,10000,3619,6381,6474,3619,0,2855,3526,0.5590052517763361,1.0,0.7171306846329139,0.4474220341639242,0.7145
standard,ocsvm,20,2,10000,3509,6491,6552,3509,0,3043,3448,0.5355616605616605,1.0,0.6975449756485439,0.4688029579417655,0.6957
standard,ocsvm,20,3,10000,3340,6660,6535,3340,0,3195,3465,0.5110941086457537,1.0,0.6764556962025317,0.4797297297297297,0.6805
standard,ocsvm,25,0,10000,3090,6910,6358,3090,0,3268,3642,0.48600188738597044,1.0,0.6541066892464014,0.47293777134587556,0.6732
standard,ocsvm,25,1,10000,3619,6381,6968,3619,0,3349,3032,0.519374282433984,1.0,0.683668650231416,0.5248393668703965,0.6651
standard,ocsvm,25,2,10000,3509,6491,7092,3509,0,3583,2908,0.4947828539199098,1.0,0.6620130176398453,0.5519950700970575,0.6417
standard,ocsvm,25,3,10000,3340,6660,7219,3340,0,3879,2781,0.4626679595511844,1.0,0.6326356662562742,0.5824324324324325,0.6121
standard,ocsvm,5,0,10000,3090,6910,3740,3090,0,650,6260,0.8262032085561497,1.0,0.9048316251830161,0.09406657018813314,0.935
standard,ocsvm,5,1,10000,3619,6381,4385,3619,0,766,5615,0.8253135689851767,1.0,0.9042978510744627,0.12004388026955022,0.9234
standard,ocsvm,5,2,10000,3509,6491,4293,3509,0,784,5707,0.8173771255532262,1.0,0.8995129453986158,0.12078262209212756,0.9216
standard,ocsvm,5,3,10000,3340,6660,4322,3340,0,982,5678,0.7727903748264692,1.0,0.871835030018272,0.14744744744744745,0.9018
stealth,isolation_forest,10,0,10000,3090,6910,113,48,3042,65,6845,0.4247787610619469,0.015533980582524271,0.029971901342491416,0.009406657018813314,0.6893
stealth,isolation_forest,10,1,10000,3619,6381,425,136,3483,289,6092,0.32,0.03757944183476098,0.06726013847675569,0.045290706785770254,0.6228
stealth,isolation_forest,10,2,10000,3509,6491,429,134,3375,295,6196,0.3123543123543124,0.03818751781134226,0.0680548501777552,0.045447542751502076,0.633
stealth,isolation_forest,10,3,10000,3340,6660,825,287,3053,538,6122,0.3478787878787879,0.08592814371257484,0.13781512605042018,0.08078078078078078,0.6409
stealth,isolation_forest,15,0,10000,3090,6910,279,102,2988,177,6733,0.3655913978494624,0.03300970873786408,0.06055209260908282,0.0256150506512301,0.6835
stealth,isolation_forest,15,1,10000,3619,6381,556,195,3424,361,6020,0.35071942446043164,0.053882287924841114,0.09341317365269461,0.056574204670114404,0.6215
stealth,isolation_forest,15,2,10000,3509,6491,443,156,3353,287,6204,0.35214446952595935,0.04445711028783129,0.07894736842105261,0.04421506701586812,0.636
stealth,isolation_forest,15,3,10000,3340,6660,936,319,3021,617,6043,0.3408119658119658,0.09550898203592814,0.1492048643592142,0.09264264264264264,0.6362
stealth,isolation_forest,20,0,10000,3090,6910,206,63,3027,143,6767,0.3058252427184466,0.020388349514563107,0.03822815533980583,0.02069464544138929,0.683
stealth,isolation_forest,20,1,10000,3619,6381,280,107,3512,173,6208,0.3821428571428571,0.029566178502348717,0.05488586817132598,0.027111737972104685,0.6315
stealth,isolation_forest,20,2,10000,3509,6491,248,91,3418,157,6334,0.36693548387096775,0.025933314334568254,0.04844290657439447,0.02418733631181636,0.6425
stealth,isolation_forest,20,3,10000,3340,6660,945,314,3026,631,6029,0.3322751322751323,0.09401197604790419,0.14655775962660444,0.09474474474474474,0.6343
stealth,isolation_forest,25,0,10000,3090,6910,161,47,3043,114,6796,0.2919254658385093,0.015210355987055016,0.028914180252230085,0.01649782923299566,0.6843
stealth,isolation_forest,25,1,10000,3619,6381,311,114,3505,197,6184,0.3665594855305466,0.031500414479137887,0.058015267175572524,0.030872903933552735,0.6298
stealth,isolation_forest,25,2,10000,3509,6491,649,251,3258,398,6093,0.386748844375963,0.07153035052721574,0.12073112073112073,0.061315667847789246,0.6344
stealth,isolation_forest,25,3,10000,3340,6660,1021,331,3009,690,5970,0.32419196865817823,0.09910179640718562,0.151800045861041,0.1036036036036036,0.6301
stealth,isolation_forest,5,0,10000,3090,6910,121,40,3050,81,6829,0.3305785123966942,0.012944983818770227,0.024914356898162564,0.011722141823444283,0.6869
stealth,isolation_forest,5,1,10000,3619,6381,245,93,3526,152,6229,0.3795918367346939,0.025697706548770377,0.04813664596273291,0.023820717755837644,0.6322
stealth,isolation_forest,5,2,10000,3509,6491,88,15,3494,73,6418,0.17045454545454544,0.004274722143060701,0.008340283569641367,0.011246341087659836,0.6433
stealth,isolation_forest,5,3,10000,3340,6660,468,147,3193,321,6339,0.3141025641025641,0.04401197604790419,0.07720588235294117,0.0481981981981982,0.6486
stealth,lof,10,0,10000,3090,6910,281,92,2998,189,6721,0.3274021352313167,0.02977346278317152,0.05458320973005044,0.02735166425470333,0.6813
stealth,lof,10,1,10000,3619,6381,531,200,3419,331,6050,0.3766478342749529,0.055263885051119094,0.0963855421686747,0.051872747218304344,0.625
stealth,lof,10,2,10000,3509,6491,672,228,3281,444,6047,0.3392857142857143,0.06497577657452265,0.1090648170294188,0.06840240332768449,0.6275
stealth,lof,10,3,10000,3340,6660,858,300,3040,558,6102,0.34965034965034963,0.08982035928143713,0.14292520247737017,0.08378378378378379,0.6402
stealth,lof,15,0,10000,3090,6910,762,228,2862,534,6376,0.2992125984251969,0.07378640776699029,0.11838006230529595,0.07727930535455861,0.6604
stealth,lof,15,1,10000,3619,6381,218,86,3533,132,6249,0.3944954128440367,0.02376347057198121,0.04482668751628877,0.020686412787964268,0.6335
stealth,lof,15,2,10000,3509,6491,492,182,3327,310,6181,0.3699186991869919,0.05186662866913651,0.09097725568607849,0.047758434755815746,0.6363
stealth,lof,15,3,10000,3340,6660,1280,426,2914,854,5806,0.3328125,0.12754491017964073,0.18441558441558445,0.12822822822822824,0.6232
stealth,lof,20,0,10000,3090,6910,290,97,2993,193,6717,0.33448275862068966,0.0313915857605178,0.05739644970414201,0.02793053545586107,0.6814
stealth,lof,20,1,10000,3619,6381,718,280,3339,438,5943,0.38997214484679665,0.07736943907156674,0.12912151256629006,0.0686412787964269,0.6223
stealth,lof,20,2,10000,3509,6491,673,267,3242,406,6085,0.3967310549777117,0.07609005414648048,0.1276901004304161,0.0625481435834232,0.6352
stealth,lof,20,3,10000,3340,6660,1332,454,2886,878,5782,0.3408408408408408,0.13592814371257486,0.19434931506849318,0.13183183183183184,0.6236
stealth,lof,25,0,10000,3090,6910,217,62,3028,155,6755,0.2857142857142857,0.020064724919093852,0.03749622013909889,0.02243125904486252,0.6817
stealth,lof,25,1,10000,3619,6381,648,226,3393,422,5959,0.3487654320987654,0.062448190107764576,0.10592922427935317,0.06613383482212819,0.6185
stealth,lof,25,2,10000,3509,6491,520,229,3280,291,6200,0.4403846153846154,0.0652607580507267,0.11367585008687019,0.0448313048836851,0.6429
stealth,lof,25,3,10000,3340,6660,1714,547,2793,1167,5493,0.3191365227537923,0.16377245508982036,0.21646220815195882,0.1752252252252252,0.604
stealth,lof,5,0,10000,3090,6910,142,52,3038,90,6820,0.36619718309859156,0.016828478964401296,0.03217821782178218,0.013024602026049204,0.6872
stealth,lof,5,1,10000,3619,6381,167,68,3551,99,6282,0.40718562874251496,0.01878972091738049,0.03592181722134178,0.015514809590973202,0.635
stealth,lof,5,2,10000,3509,6491,201,54,3455,147,6344,0.26865671641791045,0.015388999715018524,0.029110512129380053,0.022646741642273916,0.6398
stealth,lof,5,3,10000,3340,6660,691,242,3098,449,6211,0.35021707670043417,0.07245508982035928,0.12006946167204169,0.06741741741741741,0.6453
stealth,ocsvm,10,0,10000,3090,6910,347,107,2983,240,6670,0.30835734870317005,0.034627831715210354,0.0622636019784696,0.03473227206946455,0.6777
stealth,ocsvm,10,1,10000,3619,6381,537,201,3418,336,6045,0.3743016759776536,0.05554020447637469,0.09672762271414823,0.052656323460272686,0.6246
stealth,ocsvm,10,2,10000,3509,6491,563,177,3332,386,6105,0.31438721136767317,0.050441721288116276,0.08693516699410611,0.059466954244338316,0.6282
stealth,ocsvm,10,3,10000,3340,6660,999,350,2990,649,6011,0.35035035035035034,0.10479041916167664,0.16132749481447337,0.09744744744744745,0.6361
stealth,ocsvm,15,0,10000,3090,6910,769,211,2879,558,6352,0.2743823146944083,0.06828478964401294,0.10935475511790617,0.08075253256150507,0.6563
stealth,ocsvm,15,1,10000,3619,6381,205,82,3537,123,6258,0.4,0.02265819287095883,0.04288702928870293,0.019275975552421252,0.634
stealth,ocsvm,15,2,10000,3509,6491,378,134,3375,244,6247,0.3544973544973545,0.03818751781134226,0.06894777463339335,0.03759050993683562,0.6381
stealth,ocsvm,15,3,10000,3340,6660,1336,470,2870,866,5794,0.35179640718562877,0.1407185628742515,0.20102651839178787,0.13003003003003002,0.6264
stealth,ocsvm,20,0,10000,3090,6910,457,126,2964,331,6579,0.27571115973741794,0.040776699029126215,0.07104595432760079,0.04790159189580318,0.6705
stealth,ocsvm,20,1,10000,3619,6381,464,190,3429,274,6107,0.40948275862068967,0.05250069079856314,0.09306882194464855,0.04293997805986523,0.6297
stealth,ocsvm,20,2,10000,3509,6491,601,241,3268,360,6131,0.40099833610648916,0.06868053576517526,0.11727493917274938,0.05546140810352796,0.6372
stealth,ocsvm,20,3,10000,3340,6660,1328,450,2890,878,5782,0.338855421686747,0.1347305389221557,0.19280205655526994,0.13183183183183184,0.6232
stealth,ocsvm,25,0,10000,3090,6910,252,65,3025,187,6723,0.25793650793650796,0.021035598705501618,0.03889886295631358,0.027062228654124457,0.6788
stealth,ocsvm,25,1,10000,3619,6381,531,207,3412,324,6057,0.3898305084745763,0.057198121027908264,0.0997590361445783,0.05077574047954866,0.6264
stealth,ocsvm,25,2,10000,3509,6491,665,268,3241,397,6094,0.4030075187969925,0.07637503562268452,0.12841399137517967,0.061161608380835,0.6362
stealth,ocsvm,25,3,10000,3340,6660,2227,754,2586,1473,5187,0.3385720700493938,0.22574850299401197,0.27088198311478356,0.22117117117117116,0.5941
stealth,ocsvm,5,0,10000,3090,6910,97,28,3062,69,6841,0.28865979381443296,0.009061488673139158,0.017571383746470035,0.009985528219971056,0.6869
stealth,ocsvm,5,1,10000,3619,6381,275,107,3512,168,6213,0.3890909090909091,0.029566178502348717,0.05495634309193631,0.026328161730136343,0.632
stealth,ocsvm,5,2,10000,3509,6491,203,48,3461,155,6336,0.23645320197044334,0.013679110857794243,0.02586206896551724,0.023879217377907873,0.6384
stealth,ocsvm,5,3,10000,3340,6660,616,205,3135,411,6249,0.3327922077922078,0.061377245508982034,0.10364004044489382,0.06171171171171171,0.6454
