Scenario,Detector,Window,PRECISION_Mean,PRECISION_CI,RECALL_Mean,RECALL_CI,F1_Mean,F1_CI,ACCURACY_Mean,ACCURACY_CI,FPR_Mean,FPR_CI
random,isolation_forest,5,0.853752744,0.053525486,0.889169832,0.050702944,0.870216564,0.012890845,0.91025,0.010734566,0.079104072,0.038594161
random,isolation_forest,10,0.704967567,0.053910695,0.908130746,0.039609321,0.792947731,0.022064011,0.83885,0.031988071,0.197685287,0.068711089
random,isolation_forest,15,0.601997172,0.032425675,0.907973075,0.036046607,0.723591269,0.017408028,0.764975,0.027599772,0.30918485,0.063328882
random,isolation_forest,20,0.543529064,0.038090174,0.89546601,0.042190135,0.675935709,0.023742615,0.70935,0.028423569,0.386487633,0.065431984
random,isolation_forest,25,0.49887806,0.030868178,0.904670216,0.050846811,0.642669448,0.022220018,0.6595,0.03061413,0.46714907,0.079004237
random,lof,5,0.839393046,0.06622696,0.911054949,0.039808677,0.872809214,0.021652932,0.909975,0.019323318,0.090667572,0.048500897
random,lof,10,0.683412616,0.038696662,0.941199416,0.020996971,0.791529814,0.020986602,0.831825,0.027245834,0.225006542,0.055044044
random,lof,15,0.589134535,0.058461887,0.937171108,0.029482276,0.722628298,0.035650673,0.756425,0.034412232,0.335730139,0.062002939
random,lof,20,0.532855409,0.028822929,0.946564349,0.023293744,0.681625418,0.020695887,0.7005,0.031249883,0.42652341,0.067843527
random,lof,25,0.493246785,0.029354881,0.949597563,0.02627036,0.648979143,0.022273603,0.6521,0.03488688,0.501275371,0.075269927
random,ocsvm,5,0.83647533,0.054871625,0.910082717,0.040778313,0.870990443,0.018213554,0.90865,0.016329754,0.092651956,0.042908086
random,ocsvm,10,0.682098139,0.042493969,0.943824767,0.019394379,0.791562907,0.025729092,0.83155,0.026904222,0.226570725,0.051554643
random,ocsvm,15,0.590253533,0.059458435,0.934329578,0.033783869,0.722549216,0.035482394,0.757125,0.032985401,0.33307297,0.060497457
random,ocsvm,20,0.534184204,0.035189722,0.942861555,0.023858071,0.681644771,0.02456469,0.701875,0.027555396,0.422068728,0.057678219
random,ocsvm,25,0.491640743,0.038672969,0.95337369,0.028498395,0.64827789,0.029130528,0.6494,0.04586239,0.507105747,0.089046011
standard,isolation_forest,5,0.830570446,0.043048291,0.971887554,0.0148339,0.895397887,0.019938524,0.923025,0.017065142,0.102215379,0.033528053
standard,isolation_forest,10,0.688144029,0.041267663,0.964053899,0.018478414,0.802724103,0.023754097,0.8391,0.030660961,0.225808042,0.059565716
standard,isolation_forest,15,0.59224409,0.026813982,0.96352675,0.016336833,0.733416699,0.01843664,0.762775,0.024584741,0.340862854,0.053025744
standard,isolation_forest,20,0.540660581,0.031032617,0.957020324,0.01743923,0.690730849,0.022560532,0.7099,0.02562841,0.417283871,0.053249491
standard,isolation_forest,25,0.498669306,0.027324444,0.96264018,0.023050326,0.656820222,0.022939475,0.659525,0.026789751,0.496799343,0.064374032
standard,lof,5,0.811318102,0.049486592,1,0,0.895584128,0.030595314,0.920925,0.025178352,0.119730321,0.0381777
standard,lof,10,0.668544939,0.031468891,1,0,0.801224389,0.022634381,0.83175,0.027206504,0.255058891,0.04823302
standard,lof,15,0.583736758,0.050609032,1,0,0.736784041,0.040130279,0.7583,0.033872005,0.365598009,0.046439615
standard,lof,20,0.531190957,0.02608138,1,0,0.693714831,0.022269554,0.70095,0.030383752,0.453133914,0.060070713
standard,lof,25,0.49328941,0.028458974,1,0,0.66053083,0.025520861,0.651975,0.03284951,0.527208051,0.06372341
standard,ocsvm,5,0.810421069,0.04041538,1,0,0.895119363,0.024991769,0.92045,0.021924838,0.12058513,0.034681731
standard,ocsvm,10,0.666026858,0.0355266,1,0,0.7993767,0.025721806,0.829925,0.026787861,0.257681316,0.045306921
standard,ocsvm,15,0.584312647,0.051563523,1,0,0.737228496,0.04091354,0.7589,0.03338865,0.364634419,0.044148192
standard,ocsvm,20,0.531927166,0.032843164,1,0,0.694278011,0.027856227,0.70195,0.027348523,0.451340345,0.049342351
standard,ocsvm,25,0.490706746,0.037280738,1,0,0.658106006,0.03354735,0.648025,0.043634998,0.53305116,0.073944437
stealth,isolation_forest,5,0.298681865,0.143044569,0.021732347,0.027470189,0.039649292,0.04755872,0.65275,0.0378235,0.02374685,0.027541344
stealth,isolation_forest,10,0.351252965,0.081692849,0.044307271,0.047229354,0.075775504,0.071628639,0.6465,0.046908618,0.045231422,0.046366442
stealth,isolation_forest,15,0.352316814,0.016205431,0.056714522,0.043336557,0.095529375,0.060827681,0.6443,0.0430021,0.054761741,0.0449973
stealth,isolation_forest,20,0.346794679,0.054694714,0.042474955,0.055000071,0.072028672,0.079811244,0.647825,0.038046181,0.041684616,0.05644156
stealth,isolation_forest,25,0.342356441,0.067695304,0.054335729,0.060605219,0.089865154,0.089628273,0.64465,0.042194026,0.053072501,0.061297356
stealth,lof,5,0.348064151,0.092484301,0.030865572,0.04417451,0.054320002,0.069888709,0.651825,0.038119095,0.029650893,0.040585351
stealth,lof,10,0.348246508,0.033420609,0.059958371,0.039515335,0.100739693,0.058090939,0.6435,0.041473475,0.05785265,0.038429388
stealth,lof,15,0.349109803,0.066554208,0.069240354,0.069905732,0.109649897,0.092860016,0.63835,0.025049343,0.068488095,0.073270534
stealth,lof,20,0.3655067,0.051515735,0.080194806,0.068211284,0.127139344,0.089001801,0.640625,0.044228061,0.072737947,0.068873842
stealth,lof,25,0.348500214,0.105737997,0.077886532,0.096866619,0.118390876,0.117432757,0.636775,0.054069968,0.077155406,0.107838858
stealth,ocsvm,5,0.311749028,0.103234115,0.028421006,0.037650052,0.050507459,0.061867308,0.650675,0.03940227,0.030476155,0.035058119
stealth,ocsvm,10,0.336849147,0.049484188,0.061350044,0.048210723,0.101813472,0.067217586,0.64165,0.038998604,0.061075749,0.042003009
stealth,ocsvm,15,0.345169019,0.082927686,0.067462266,0.083351227,0.105554019,0.110230206,0.6387,0.020200806,0.066912262,0.078516754
stealth,ocsvm,20,0.356261919,0.099053762,0.074172116,0.066770629,0.118547943,0.08430439,0.64015,0.033457714,0.069533702,0.066592646
stealth,ocsvm,25,0.347336651,0.104643045,0.095089315,0.143333036,0.134488468,0.156403547,0.633875,0.055591088,0.090042687,0.140944493
